_pos,__text
1,Aaron
2,Abbe
3,Abbot
4,Abdel
5,Abdiel
6,Abdul
7,Abdulla
8,Abdullah
9,Abe
10,Abel
11,Abhishek
12,Abhner
13,Abi
14,Abinash
15,Abner
16,Abraham
17,Abram
18,Abrasax
19,Acar
20,Acayib
21,Ace
22,Achilles
23,Achmad
24,Acton
25,Adair
26,Adal
27,Adalbert
28,Adam
29,Adan
30,Adar
31,Addison
32,Adel
33,Adelard
34,Adelbert
35,Ademola
36,Aden
37,Adhamh
38,Adigun
39,Adin
40,Adir
41,Adiv
42,Adlai
43,Adler
44,Adli
45,Admon
46,Adnan
47,Adni
48,Adolf
49,Adolfo
50,Adolph
51,Adolpho
52,Adolphus
53,Adom
54,Adon
55,Adonis
56,Ador
57,Adrain
58,Adri
59,Adrian
60,Adriel
61,Adrien
62,Adrienne
63,Aeneas
64,Aengus
65,Aeron
66,Affonso
67,Afonso
68,Agathon
69,Agler
70,Agni
71,Agustek
72,Agustin
73,Ahanu
74,Aharon
75,Ahdik
76,Ahil
77,Ahir
78,Ahmad
79,Ahmed
80,Ahmik
81,Ahren
82,Aidan
83,Aiden
84,Aine
85,Ainsley
86,Ajani
87,Ajay
88,Ajit
89,Akando
90,Akar
91,Akeem
92,Akiko
93,Akil
94,Akim
95,Akio
96,Akule
97,Al
98,Ala
99,Alain
100,Alan
101,Aland
102,Alaric
103,Alasdair
104,Alastair
105,Alaster
106,Alban
107,Albert
108,Alberto
109,Albie
110,Albin
111,Albrecht
112,Alby
113,Alden
114,Alder
115,Aldis
116,Aldo
117,Aldous
118,Aldric
119,Aldy
120,Alec
121,Aled
122,Alein
123,Alejandr
124,Alejandro
125,Alek
126,Aleksande
127,Aleksandr
128,Aleser
129,Alessand
130,Alessandr
131,Alex
132,Alexa
133,Alexande
134,Alexander
135,Alexandr
136,Alexandre
137,Alexandru
138,Alexis
139,Alexzand
140,Alf
141,Alferral
142,Alfonso
143,Alfonzo
144,Alford
145,Alfred
146,Alfredo
147,Alfwine
148,Algernon
149,Al-Hamra
150,Alhim
151,Ali
152,Alick
153,Alijah
154,Alim
155,Aliphont
156,Alistair
157,Alistar
158,Alister
159,Alix
160,Allan
161,Allen
162,Allie
163,Allison
164,Allyn
165,Alma
166,Almeric
167,Almon
168,Alnath
169,Alois
170,Alok
171,Alon
172,Alonso
173,Alonza
174,Alonzo
175,Aloysius
176,Alpha
177,Alphonse
178,Alphonso
179,Alpo
180,Alrik
181,Alroy
182,Altair
183,Alter
184,Alton
185,Alva
186,Alvah
187,Alvar
188,Alvaro
189,Alvertos
190,Alvie
191,Alvin
192,Alvis
193,Alwin
194,Alyn
195,Amadeus
196,Amadis
197,Amado
198,Amador
199,Amal
200,Amanda
201,Amani
202,Amar
203,Amari
204,Amber
205,Ambrose
206,Ameer
207,Ameni
208,Americo
209,Amiel
210,Amin
211,Amir
212,Amit
213,Amlan
214,Ammar
215,Amon
216,Amos
217,Anand
218,Anastaci
219,Anatole
220,Anders
221,Anderson
222,Andie
223,Andra
224,Andre
225,Andrea
226,Andreas
227,Andrei
228,Andrej
229,Andres
231,Andrew
232,Andrique
230,AndrTs
233,Andy
234,Anestes
235,Aneurin
236,Angel
237,Angela
238,Angelo
239,Anghared
240,Angus
241,Anh
242,Anibal
243,Aniol
244,Anka
245,Anna
246,Annan
247,Anouk
248,Ansel
249,Anselm
250,Anselmo
251,Anthony
252,Antione
253,Antoine
254,Anton
255,Antone
256,Antonia
257,Antonio
258,Antony
259,Antwan
260,Antwon
261,Anurag
262,Anzhel
263,Aodh
264,Apenimon
265,Aphex
266,Aquiles
267,Arcadio
268,Arch
269,Archer
270,Archibal
271,Archibald
272,Archie
273,Arcy
274,Ardell
275,Arden
276,Ardon
277,Are
278,Aref
279,Aren
280,Arend
281,Ares
282,Ari
283,Arian
284,Aric
285,Ariel
286,Aries
287,Arjun
288,Arkin
289,Arlan
290,Arleigh
291,Arlen
292,Arley
293,Arlie
294,Arlin
295,Arlis
296,Arlo
297,Arman
298,Armand
299,Armando
300,Armani
301,Armanti
302,Armon
303,Armond
304,Armondo
305,Arnaldo
306,Arne
307,Arnie
308,Arno
309,Arnold
310,Arnoldo
311,Arnulfo
312,Aro
313,Aron
314,Arri
315,Arron
316,Arslan
317,Art
318,Arte
319,Artemis
320,Arther
321,Arthur
322,Arthuro
323,Artie
324,Artin
325,Artis
326,Artur
327,Arturo
328,Arun
329,Arvel
330,Arvid
331,Arvil
332,Arvin
333,Asa
334,Asbjorn
335,Ash
336,Asher
337,Ashish
338,Ashley
339,Ashlin
340,Ashton
341,Ashur
342,Asif
343,Asker
344,Astevean
345,Astrid
346,Atheel
347,Athol
348,Atif
349,Atman
350,Atsuhiko
351,Atsushi
352,Attila
353,Aubert
354,Aubrey
355,Audie
356,Audrey
357,Audric
358,Audvard
359,Augie
360,August
361,Augustin
362,Augustus
363,Aurek
364,Aurelio
365,Aurelius
366,Austen
367,Austin
368,Austyn
369,Avedig
370,Avel
371,Averil
372,Avery
373,Avi
374,Avis
375,Avraham
376,Axel
377,Ayaz
378,Ayden
379,Aylwin
380,Ayman
381,Azad
382,Azfar
383,Azi
384,Azrael
385,Azriel
386,Azuka
387,Bailey
388,Bal
389,Baldric
390,Baldwin
391,Balthazar
392,Balto
393,Bane
394,Bard
395,Bardo
396,Bardon
397,Barn
398,Barnabas
399,Barnaby
400,Barnard
401,Barney
402,Barnie
403,Baron
404,Barrett
405,Barron
406,Barry
407,Bart
408,Bartek
409,Bartholo
410,Bartholom
411,Bartolomi
412,Barton
413,Bartram
414,Basham
415,Basil
416,Basilio
417,Bastian
418,Bastien
419,Baudouin
420,Baul
421,Bavol
422,Bay
423,Bayley
424,Beau
425,Bechtel
426,Beck
427,Bedrich
428,Beldon
429,Bello
430,Beltran
431,Bem
432,Bemossed
433,Ben
434,Benedict
435,Benito
436,Benjamin
437,Benji
438,Bennett
439,Bennie
440,Benny
441,Benoit
442,Bent
443,Bentley
444,Benton
445,Berek
446,Berger
447,Bergren
448,Berhan
449,Berk
450,Bernabe
451,Bernal
452,Bernard
453,Bernardo
454,Bernhard
455,Bernice
456,Bernie
457,Berry
458,Bert
459,Bertin
460,Bertok
461,Berton
462,Bertram
463,Bertrand
464,Beryl
465,Betty
466,Beverly
467,Bevis
468,Bhaltair
469,Bhanu
470,Bhaven
471,Bheki
472,Bialy
473,Bienveni
474,Bilal
475,Bildad
476,Bill
477,Billie
478,Billy
479,Bily
480,Bing
481,Binyong
482,Bipin
483,Bishop
484,Bjorn
485,Blaine
486,Blair
487,Blaise
488,Blake
489,Blane
490,Blaze
491,Bo
492,Bob
493,Boba
494,Bobbie
495,Bobby
496,Bobush
497,Bodaway
498,Boddu
499,Bodi
500,Bodie
501,Bodog
502,Bogdan
503,Bohdan
504,Boleslaw
505,Bolie
506,Bond
507,Bondi
508,Bonito
509,Bonnie
510,Booker
511,Bor
512,Borg
513,Boria
514,Boris
515,Botan
516,Bour
517,Bowle
518,Bowman
519,Boyce
520,Boyd
521,Boyu
522,Boz
523,Brad
524,Bradburn
525,Braden
526,Bradford
527,Bradlee
528,Bradley
529,Bradly
530,Bradshaw
531,Brady
532,Braeden
533,Braedon
534,Brahma
535,Braiden
536,Brain
537,Bram
538,Brandan
539,Brandeis
540,Branden
541,Brandon
542,Brandt
543,Brandy
544,Brandyn
545,Brannible
546,Brannon
547,Branson
548,Brant
549,Braxton
550,Brayan
551,Brayden
552,Braydon
553,Brencis
554,Brendan
555,Brenden
556,Brendon
557,Brennan
558,Brennen
559,Brennon
560,Brent
561,Brenton
562,Bret
563,Brett
564,Brian
565,Briar
566,Brice
567,Brien
568,Britt
569,Broc
570,Brock
571,Broderic
572,Broderick
573,Brodie
574,Brodney
575,Brody
576,Bronson
577,Brook
578,Brooks
579,Brown
580,Browning
581,Bruce
582,Bruin
583,Bruno
584,Bruns
585,Bryan
586,Bryant
587,Bryce
588,Brycen
589,Bryne
590,Bryon
591,Bryrony
592,Bryson
593,Buck
594,Buckminst
595,Bucky
596,Bud
597,Buddie
598,Buddy
599,Buford
600,Burdette
601,Burian
602,Burl
603,Burley
604,Burne
605,Burnell
606,Burr
607,Burt
608,Burton
609,Buster
610,Butch
611,Byrn
612,Byron
613,Caddy
614,Cade
615,Cadel
616,Caden
617,Cadfael
618,Cadwallad
619,Caesar
620,Cahil
621,Caiden
622,Cain
623,Caiseal
624,Caius
625,Cal
626,Calder
627,Cale
628,Caleb
629,Callen
630,Callum
631,Calo
632,Calum
633,Calut
634,Calv
635,Calvin
636,Cam
637,Camden
638,Camerino
639,Cameron
640,Camlo
641,Camren
642,Camron
643,Can
644,Candelar
645,Candido
646,Canton
647,Canute
648,Cappi
649,Carel
650,Carew
651,Carey
652,Carl
653,Carle
654,Carleton
655,Carlo
656,Carlos
657,Carlton
658,Carlucho
659,Carlyle
660,Carmelo
661,Carmen
662,Carmine
663,Carmit
664,Carnell
665,Carol
666,Carolyn
667,Carrol
668,Carroll
669,Carson
670,Carswell
671,Carter
672,Carvel
673,Cary
674,Casey
675,Cashel
676,Casimer
677,Casimir
678,Caspar
679,Casper
680,Cass
681,Cassidy
682,Castel
683,Castor
684,Catalin
685,Cathal
686,Cathol
687,Cayden
688,Cebastian
689,Cecil
690,Cecilio
691,Cedric
692,Cedrick
693,Celestin
694,Celyn
695,Cemal
696,Cesar
697,Ceslovas
698,Chad
699,Chadd
700,Chadrick
701,Chadwick
702,Chaim
703,Chaiwat
704,Chal
705,Chance
706,Chandler
707,Chane
708,Chaney
709,Chang
710,Charlemag
711,Charles
712,Charley
713,Charlie
714,Charlton
715,Chas
716,Chase
717,Chaseston
718,Chaudry
719,Chauncey
720,Chauncy
721,Chauvin
722,Chay
723,Chaz
724,Che
725,Chen
726,Cheslav
727,Chesley
728,Chesmu
729,Chester
730,Chet
731,Cheyne
732,Chi
733,Chiah
734,Chico
735,Chik
736,Chioke
737,Chip
738,Chong
739,Chou
740,Chretien
741,Chris
742,Christ
743,Christao
744,Christia
745,Christian
746,Christin
747,Christop
748,Christoph
749,Chuck
750,Chucky
751,Chun
752,Chung
753,Cicero
754,Cid
755,Cirill
756,Cisco
757,Cladio
758,Clair
759,Claire
760,Clarance
761,Clare
762,Clarence
763,Clark
764,Clarke
765,Claud
766,Claude
767,Claudie
768,Claudio
769,Claudius
770,Claus
771,Clay
772,Clayton
773,Cleanth
774,Clem
775,Clemens
776,Clement
777,Clemente
778,Cleo
779,Cleon
780,Clerk
781,Cletus
782,Cleve
783,Clevelan
784,Cleveland
785,Clevonne
786,Cliff
787,Clifford
788,Cliffy
789,Clifton
790,Clint
791,Clinton
792,Clive
793,Clovis
794,Cloyd
795,Clyde
796,Cnut
797,Coby
798,Codey
799,Codie
800,Cody
801,Coinneach
802,Colby
803,Cole
804,Coleman
805,Colin
806,Collin
807,Collins
808,Colman
809,Colon
810,Colt
811,Colten
812,Colter
813,Colton
814,Columbus
815,Conan
816,Conley
817,Connaire
818,Conner
819,Connie
820,Connor
821,Conor
822,Conrad
823,Constant
824,Constanti
825,Cooper
826,Corbin
827,Cordell
828,Corey
829,Corky
830,Cormac
831,Corneliu
832,Cornelius
833,Cornell
834,Cort
835,Cortez
836,Cortney
837,Corwin
838,Cory
839,Coty
840,Court
841,Courtney
842,Coy
843,Craig
844,Crawford
845,Creighton
846,Crews
847,Cris
848,Crispin
849,Crispus
850,Cristian
851,Cristoba
852,Cristobal
853,Cristoph
854,Cruz
855,Cullen
856,Curcio
857,Curran
858,Curt
859,Curtis
860,Curtiss
861,Cuthbert
862,Cyrek
863,Cyril
864,Cyrill
865,Cyrus
866,Czeslaw
867,Dabid
868,Dabney
869,Dacey
870,Dafyyd
871,Dag
872,Dagwood
873,Dain
874,Daisuke
875,Dakota
876,Dakotah
877,Dal
878,Dalal
879,Dale
880,Daley
881,Dali
882,Dallas
883,Dallin
884,Dalton
885,Dame
886,Damek
887,Dameon
888,Damian
889,Damien
890,Damion
891,Damon
892,Damondrao
893,Dan
894,Dana
895,Dandre
896,Dandy
897,Dane
898,Dangelo
899,Dani
900,Danial
901,Daniel
902,Danielek
903,Daniil
904,Danilo
905,Danko
906,Danne
907,Dannie
908,Danny
909,Dante
910,Danyaal
911,Danylko
912,Danyon
913,Daquan
914,Darby
915,Darcy
916,Darell
917,Daren
918,Darian
919,Darien
920,Darin
921,Dario
922,Darion
923,Darius
924,Darl
925,Darlin
926,Darling
927,Darnell
928,Darold
929,Daron
930,Darr
931,Darrel
932,Darrell
933,Darren
934,Darrian
935,Darrick
936,Darrien
937,Darrin
938,Darrion
939,Darrius
940,Darron
941,Darryl
942,Darwin
943,Daryl
944,Daryle
945,Daryush
946,Dashawn
947,Dat
948,Daunte
949,Dave
950,Davey
951,David
952,Davidde
953,Davidek
954,Davie
955,Davin
956,Davion
957,Davis
958,Davon
959,Davonte
960,Davy
961,Dawayne
962,Dawid
963,Dawson
964,Dax
965,Daxton
966,Daxtyn
967,Dayton
968,Dean
969,Deandre
970,Deane
971,Deangelo
972,Decker
973,Declan
974,Dederick
975,Dedric
976,Dedrick
977,Dee
978,Deepak
979,Deepesh
980,Deion
981,Dejuan
982,Del
983,Delano
984,Delbert
985,Dell
986,Delmar
987,Delmas
988,Delmer
989,Delmore
990,Delton
991,Delvin
992,Demarco
993,Demarcus
994,Demario
995,Demetris
996,Demetriu
997,Demetrius
998,Demond
999,Demothi
1000,Dempsey
1001,Demyan
1002,Den
1003,Dene
1004,Denes
1005,Denholm
1006,Denis
1007,Deniz
1008,Dennie
1009,Dennis
1010,Denny
1011,Denton
1012,Denver
1013,Denys
1014,Denzel
1015,Denzil
1016,Deon
1017,Deondre
1018,Deonte
1019,Dequan
1020,Dereck
1021,Derek
1022,Deric
1023,Derick
1024,Derik
1025,Dermot
1026,Deron
1027,Derrek
1028,Derrell
1029,Derrick
1030,Derwin
1031,Derya
1032,Deryck
1033,Deshaun
1034,Deshawn
1035,Desmond
1036,Destin
1037,Devan
1038,Devante
1039,Deven
1040,Devin
1041,Devon
1042,Devonta
1043,Devontae
1044,Devonte
1045,Devyn
1046,Dew
1047,Dewayne
1048,Dewey
1049,Dewitt
1050,Dex
1051,Dexter
1052,Diamond
1053,Dichali
1054,Dick
1055,Dickens
1056,Dickie
1057,Dickson
1058,Dicky
1059,Dicta
1060,Diederich
1061,Diego
1062,Dieter
1063,Dietrich
1064,Digby
1065,Diggory
1066,Diglio
1067,Dillan
1068,Dillard
1069,Dillion
1070,Dillon
1071,Dillwyn
1072,Dilwyn
1073,Dimitri
1074,Dimo
1075,Dino
1076,Dion
1077,Dionisio
1078,Dionte
1079,Dionys
1080,Direk
1081,Dirk
1082,Dix
1083,Dixon
1084,Djordje
1085,Dmitriy
1086,Dob
1087,Dobbs
1088,Dobie
1089,Dobry
1090,Doby
1091,Dock
1092,Dodge
1093,Dolan
1094,Dolf
1095,Dolores
1096,Dolph
1097,Dom
1098,Domenic
1099,Domenick
1100,Domenico
1101,Domingo
1102,Dominic
1103,Dominick
1104,Dominik
1105,Dominiqu
1106,Dominque
1107,Domuel
1108,Don
1109,Donahue
1110,Donal
1111,Donald
1112,Donaldo
1113,Donalt
1114,Donato
1115,Donavan
1116,Donell
1117,Dong
1118,Donley
1119,Donn
1120,Donna
1121,Donnell
1122,Donnelly
1123,Donnie
1124,Donny
1125,Donohue
1126,Donovan
1127,Donovon
1128,Donta
1129,Dontae
1130,Donte
1131,Dorian
1132,Doris
1133,Dorman
1134,Dorrell
1135,Dorris
1136,Dorsey
1137,Doug
1138,Dougie
1139,Douglas
1140,Douglass
1141,Douwe
1142,Doyle
1143,Drachen
1144,Dragomir
1145,Dragos
1146,Drake
1147,Draven
1148,Drayton
1149,Drew
1150,Dru
1151,Dryden
1152,Drystan
1153,Duane
1154,Dud
1155,Duddley
1156,Dude
1157,Dudley
1158,Duff
1159,Dug
1160,Duig
1161,Dukarai
1162,Duke
1163,Dumaka
1164,Duman
1165,Dunc
1166,Duncan
1167,Dunham
1168,Dunk
1169,Dunstan
1170,Duran
1171,Durand
1172,Durriken
1173,Durril
1174,Durward
1175,Durwood
1176,Dusten
1177,Dustin
1178,Dusty
1179,Duwayne
1180,Duy
1181,Dwain
1182,Dwaine
1183,Dwane
1184,Dwayne
1185,Dwight
1186,Dyami
1187,Dyl
1188,Dylan
1189,Dylanne
1190,Dyllan
1191,Dylon
1192,Dyre
1193,Eamon
1194,Eamonn
1195,Eanruig
1196,Earl
1197,Earle
1198,Earlie
1199,Early
1200,Earnest
1201,Easton
1202,Ebenezer
1203,Ebert
1204,Eberto
1205,Eck
1206,Eckbert
1207,Eckerd
1208,Eckert
1209,Ed
1210,Edd
1211,Eddie
1212,Eddy
1213,Edgar
1214,Edgardo
1215,Edgars
1216,Edie
1217,Edison
1218,Edko
1219,Edlin
1220,Edmon
1221,Edmond
1222,Edmund
1223,Edmundo
1224,Edmundson
1225,Edo
1226,Edsel
1227,Eduard
1228,Eduardo
1229,Edward
1230,Edwardo
1231,Edwin
1232,Edzko
1233,Efim
1234,Efrain
1235,Efren
1236,Egbert
1237,Egg
1238,Egor
1239,Eiji
1240,Eike
1241,Eilwyn
1242,Einar
1243,Eino
1244,Eiran
1245,Eladio
1246,Elan
1247,Elbert
1248,Eldad
1249,Elden
1250,Eldon
1251,Eldred
1252,Eldridge
1253,Elek
1254,Elemar
1255,Elfred
1256,Elgin
1257,Eli
1258,Elian
1259,Elias
1260,Eliezer
1261,Elijah
1262,Eliot
1263,Eliseo
1264,Elisha
1265,Elizabet
1266,Elki
1267,Elliot
1268,Elliott
1269,Ellis
1270,Ellswort
1271,Ellwood
1272,Elmar
1273,Elmer
1274,Elmo
1275,Elmore
1276,Elof
1277,Eloy
1278,Elrad
1279,Elroy
1280,Elsu
1281,Elton
1282,Elvin
1283,Elvis
1284,Elwin
1285,Elwood
1286,Elwyn
1287,Ely
1288,Elza
1289,Elzie
1290,Eman
1291,Emanuel
1292,Emerson
1293,Emery
1294,Emil
1295,Emile
1296,Emiliano
1297,Emilio
1298,Emils
1299,Emlyn
1300,Emma
1301,Emmanuel
1302,Emmet
1303,Emmett
1304,Emmit
1305,Emmitt
1306,Emok
1307,Emory
1308,Eneas
1309,Enid
1310,Enli
1311,Ennis
1312,Enoch
1313,Enos
1314,Enrico
1315,Enrique
1316,Enyeto
1317,Ephraim
1318,Epifanio
1319,Erasmo
1320,Erasmus
1321,Erberto
1322,Erek
1323,Eri
1324,Eric
1325,Erich
1326,Erick
1327,Erico
1328,Erik
1329,Erin
1330,Erle
1331,Erling
1332,Ernest
1333,Ernesto
1334,Ernie
1335,Ernst
1336,Errol
1337,Erskin
1338,Ervin
1339,Erwin
1340,Eshkol
1341,Esmond
1342,Esra
1343,Essien
1344,Esteban
1345,Estel
1346,Estevan
1347,Esther
1348,Estifano
1349,Estivido
1350,Etan
1351,Ethan
1352,Etienne
1353,Etni
1354,Etu
1355,Eugene
1356,Eugenio
1357,Eusebio
1358,Ev
1359,Evan
1360,Evander
1361,Evans
1362,Everardo
1363,Everett
1364,Everette
1365,Everhard
1366,Evert
1367,Ewald
1368,Ewan
1369,Ewell
1370,Ezekiel
1371,Ezell
1372,Ezequiel
1373,Ezer
1374,Ezhno
1375,Ezra
1376,Faber
1377,Fabian
1378,Fabio
1379,Fadi
1380,Fadil
1381,Fahmy
1382,Fairleigh
1383,Faisal
1384,Faiz
1385,Fan
1386,Fareed
1387,Fares
1388,Farhad
1389,Faron
1390,Farrell
1391,Farris
1392,Faruk
1393,Faustino
1394,Fausto
1395,Faxon
1396,Fay
1397,Fayette
1398,Federico
1399,Fedor
1400,Felice
1401,Feliciano
1402,Felicidad
1403,Felike
1404,Feliks
1405,Felino
1406,Felip
1407,Felipe
1408,Felippe
1409,Felix
1410,Felton
1411,Feodor
1412,Ferdinan
1413,Ferdinand
1414,Ferghus
1415,Fergus
1416,Ferguson
1417,Feris
1418,Fermi
1419,Fermin
1420,Fernand
1421,Fernando
1422,Ferris
1423,Fess
1424,Festus
1425,Fidel
1426,Filibert
1427,Filip
1428,Filippo
1429,Fin
1430,Finbar
1431,Fineas
1432,Finis
1433,Finlay
1434,Finley
1435,Finn
1436,Finnegan
1437,Fisk
1438,Fletch
1439,Fletcher
1440,Flint
1441,Flip
1442,Florence
1443,Florenci
1444,Florenti
1445,Florian
1446,Floyd
1447,Flynn
1448,Fonz
1449,Fonzie
1450,Ford
1451,Forest
1452,Forester
1453,Forrest
1454,Forrester
1455,Fortunat
1456,Foss
1457,Foster
1458,Fotios
1459,Fount
1460,Fountain
1461,Foy
1462,Fran
1463,Franc
1464,Frances
1465,Francesc
1466,Francesco
1467,Franchot
1468,Francis
1469,Francisc
1470,Francisco
1471,Franco
1472,Francois
1473,Franjo
1474,Frank
1475,Frankie
1476,Franklin
1477,Franklyn
1478,Franko
1479,Franky
1480,Frans
1481,Fransisc
1482,Franz
1483,Fraser
1484,Frasier
1485,Fred
1486,Freddie
1487,Freddy
1488,Frederic
1489,Frederich
1490,Frederick
1491,Fredi
1492,Fredric
1493,Fredrick
1494,Fredrik
1495,Fredy
1496,Freeman
1497,Friedric
1498,Frits
1499,Fritz
1500,Fulton
1501,Furman
1502,Fynn
1503,Fyodor
1504,Gabe
1505,Gabriel
1506,Gaetano
1507,Gage
1508,Gahiji
1509,Gaige
1510,Gail
1511,Gaius
1512,Gale
1513,Galen
1514,Gallard
1515,Galloway
1516,Galt
1517,Galway
1518,Gamaliel
1519,Gar
1520,Gardner
1521,Garek
1522,Garemy
1523,Garen
1524,Gareth
1525,Garett
1526,Garfield
1527,Garland
1528,Garner
1529,Garnet
1530,Garnett
1531,Garold
1532,Garret
1533,Garreth
1534,Garrett
1535,Garrick
1536,Garrison
1537,Garry
1538,Garth
1539,Gary
1540,Gas
1541,Gaspar
1542,Gaston
1543,Gaudi
1544,Gaurav
1545,Gautam
1546,Gauthier
1547,Gautier
1548,Gav
1549,Gaven
1550,Gavin
1551,Gavyn
1552,Gawain
1553,Gawayne
1554,Gayle
1555,Gayler
1556,Gaylon
1557,Gaylor
1558,Gaylord
1559,Gearld
1560,Geary
1561,Gellert
1562,Gelo
1563,Genaro
1564,Gene
1565,General
1566,Gennaro
1567,Geno
1568,Geo
1569,Geoff
1570,Geoffrey
1571,Geoffroi
1572,Geoffroy
1573,Geordie
1574,George
1575,Georges
1576,Georgi
1577,Georgy
1578,Ger
1579,Gerald
1580,Geraldo
1581,Gerard
1582,Gerardo
1583,Geraud
1584,Gerek
1585,Gerhard
1586,Gerik
1587,Germaine
1588,German
1589,Gerold
1590,Gerome
1591,Geronimo
1592,Gerrie
1593,Gerry
1594,Gertie
1595,Geyo
1596,Gia
1597,Giacomo
1598,Giamo
1599,Gian
1600,Giancarl
1601,Giannes
1602,Gianni
1603,Giannini
1604,Gide
1605,Gideon
1606,Gidon
1607,Giermo
1608,Gil
1609,Gilbert
1610,Gilberto
1611,Giles
1612,Gill
1613,Gilles
1614,Gillespie
1615,Gillette
1616,Gilliam
1617,Gillis
1618,Gino
1619,Giotto
1620,Giovani
1621,Giovanni
1622,Giovanny
1623,Giraud
1624,Girolamo
1625,Giuliano
1626,Giuseppe
1627,Giusto
1628,Glen
1629,Glendon
1630,Glenn
1631,Glynn
1632,Godfrey
1633,Godfry
1634,Goel
1635,Golden
1636,Gonzales
1637,Gonzalez
1638,Gonzalo
1639,Gonzo
1640,Gopinath
1641,Gorden
1642,Gordie
1643,Gordon
1644,Gordy
1645,Gorgeous
1646,Gorton
1647,Goshoven
1648,Gotlieb
1649,Gottfridh
1650,Gottfried
1651,Govindan
1652,Gowon
1653,Goyo
1654,Grace
1655,Grady
1656,Graeme
1657,Graham
1658,Grahame
1659,Grahm
1660,Graig
1661,Gram
1662,Grant
1663,Grantland
1664,Grantley
1665,Granvill
1666,Granville
1667,Gray
1668,Grayson
1669,Green
1670,Greg
1671,Gregg
1672,Greggory
1673,Gregor
1674,Gregorio
1675,Gregory
1676,Grenville
1677,Greyson
1678,Griff
1679,Griffin
1680,Griffith
1681,Grigori
1682,Grimes
1683,Grove
1684,Grover
1685,Guadalup
1686,Gualterio
1687,Guayo
1688,Gugielmo
1689,Guglielmo
1690,Guido
1691,Guillaume
1692,Guillerm
1693,Guillermo
1694,Guillo
1695,Guiming
1696,Guiseppe
1697,Guittiere
1698,Gulianno
1699,Gullermo
1700,Gun
1701,Gunderson
1702,Gunn
1703,Gunnar
1704,Gunner
1705,Gunnerson
1706,Gunny
1707,Gunther
1708,Gus
1709,Gust
1710,Gustacio
1711,Gustaf
1712,Gustav
1713,Gustave
1714,Gustavo
1715,Gustin
1716,Gustovo
1717,Guy
1718,Gyorgy
1719,Habaier
1720,Habib
1721,Hadar
1722,Hadden
1723,Haden
1724,Hadi
1725,Hadrian
1726,Hadry
1727,Hae
1728,Hagar
1729,Hai
1730,Haidar
1731,Haider
1732,Hailey
1733,Haime
1734,Hakan
1735,Hakeem
1736,Hakem
1737,Hakon
1738,Hal
1739,Hale
1740,Halil
1741,Halim
1742,Hallie
1743,Ham
1744,Hamal
1745,Hamdel
1746,Hamil
1747,Hamill
1748,Hamilton
1749,Hamish
1750,Hamlin
1751,Hamp
1752,Hampton
1753,Hamza
1754,Hanan
1755,Handy
1756,Hanibal
1757,Hanif
1758,Hank
1759,Hannes
1760,Hannibal
1761,Hannu
1762,Hanraoi
1763,Hans
1764,Hansel
1765,Hanuman
1766,Hao
1767,Haralambi
1768,Harald
1769,Haraldo
1770,Harb
1771,Harbert
1772,Hardiman
1773,Harding
1774,Hardy
1775,Hari
1776,Harlan
1777,Harland
1778,Harlen
1779,Harley
1780,Harlowe
1781,Harman
1782,Harmon
1783,Harold
1784,Haroun
1785,Harris
1786,Harrison
1787,Harry
1788,Hartley
1789,Harvey
1790,Hasaan
1791,Hasad
1792,Hashim
1793,Hashir
1794,Hasin
1795,Haskel
1796,Haskell
1797,Hassan
1798,Hassel
1799,Hastin
1800,Havelock
1801,Hayden
1802,Haydyn
1803,Hayward
1804,Haywood
1805,Hazel
1806,Heath
1807,Heber
1808,Hebert
1809,Heck
1810,Hector
1811,Hedeon
1812,Hedley
1813,Heinrich
1814,Heintz
1815,Heinz
1816,Hektor
1817,Helaku
1818,Helen
1819,Helki
1820,Helmer
1821,Heman
1822,Hemant
1823,Henderso
1824,Hendrik
1825,Hengky
1826,Henrey
1827,Henri
1828,Henrico
1829,Henrik
1830,Henry
1831,Herb
1832,Herbert
1833,Herberto
1834,Herbie
1835,Heremias
1836,Heri
1837,Heribert
1838,Heriberto
1839,Herm
1840,Herman
1841,Hermann
1842,Herminio
1843,Hermon
1844,Hernan
1845,Hernando
1846,Hero
1847,Heronim
1848,Herribert
1849,Hersch
1850,Herschel
1851,Hersh
1852,Hershel
1853,Hertz
1854,Herve
1855,Hervey
1856,Hesus
1857,Hew
1858,Hewart
1859,Hewes
1860,Hewett
1861,Hewie
1862,Heywood
1863,Hezekiah
1864,Hicks
1865,Hiermo
1866,Hieronym
1867,Hieronymo
1868,Hilario
1869,Hilbert
1870,Hilfredo
1871,Hillard
1872,Hillel
1873,Hilliard
1874,Hilmar
1875,Hilton
1876,Himanshu
1877,Hinko
1878,Hinun
1879,Hipolito
1880,Hiram
1881,Hiromi
1882,Hiroshi
1883,Hirsch
1884,Hirsh
1885,Hirus
1886,Hisoka
1887,Hjalmar
1888,Hnatochko
1889,Ho Young
1890,Hob
1891,Hobard
1892,Hobart
1893,Hobbes
1894,Hobert
1895,Hodge
1896,Hodges
1897,Hodgkins
1898,Hohan
1899,Hoibeard
1900,Hoireabar
1901,Holden
1902,Holic
1903,Holleb
1904,Holles
1905,Hollie
1906,Hollings
1907,Hollins
1908,Hollis
1909,Holt
1910,Homer
1911,Hong
1912,Honor
1913,Hood
1914,Hoop
1915,Hooper
1916,Hoover
1917,Horace
1918,Horacio
1919,Horatio
1920,Horentio
1921,Horis
1922,Hosea
1923,Houman
1924,Houston
1925,Howard
1926,Howel
1927,Howell
1928,Howi
1929,Howie
1930,Hoyle
1931,Hoyt
1932,Hub
1933,Hubbard
1934,Hubert
1935,Huberto
1936,Hudson
1937,Huey
1938,Hugh
1939,Hughes
1940,Hughie
1941,Hugibert
1942,Hugo
1943,Hulin
1944,Humberto
1945,Humfrey
1946,Humphrey
1947,Hung
1948,Hunter
1949,Hurley
1950,Husain
1951,Hussein
1952,Huston
1953,Hutch
1954,Hutchinso
1955,Hute
1956,Huu
1957,Huw
1958,Huzaifa
1959,Hyman
1960,Hywel
1961,Iago
1962,Ian
1963,Ibrahim
1964,Ico
1965,Ifor
1966,Igantov
1967,Igasho
1968,Iggy
1969,Ignac
1970,Ignacio
1971,Ignatius
1972,Ignazio
1973,Igor
1974,Ike
1975,Ilan
1976,Ildefonso
1977,Iliia
1978,Ilya
1979,Imanol
1980,Immanuel
1981,Immauel
1982,Inderpree
1983,Indu
1984,Inermo
1985,Infant
1986,Ingemar
1987,Ingmar
1988,Inigo
1989,Iniko
1990,Inriques
1991,Inteus
1992,Ioakim
1993,Ioan
1994,Ioannes
1995,Ioel
1996,Ioseph
1997,Ira
1998,Irv
1999,Irvin
2000,Irvine
2001,Irving
2002,Irwan
2003,Irwin
2004,Irwyn
2005,Isaac
2006,Isaak
2007,Isabel
2008,Isac
2009,Isacc
2010,Isadore
2011,Isai
2012,Isaia
2013,Isaiah
2014,Isaias
2015,Ishmael
2016,Isiah
2017,Isidore
2018,Isidro
2019,Ismael
2020,Isom
2021,Israel
2022,Isreal
2023,Issa
2024,Issac
2025,Istu
2026,Itzhak
2027,Ivan
2028,Ivanovitc
2029,Ivar
2030,Ives
2031,Ivey
2032,Ivon
2033,Ivory
2034,Ivy
2035,Iwan
2036,Izaak
2037,Izaiah
2038,Izraelius
2039,Izrail
2040,Izsu
2041,Izumi
2042,Izzie
2043,Izzy
2044,Jaafar
2045,Jaan
2046,Jaba
2047,Jabari
2048,Jabez
2049,Jace
2050,Jacian
2051,Jacinto
2052,Jack
2053,Jackie
2054,Jackson
2055,Jacky
2056,Jacob
2057,Jacoby
2058,Jacque
2059,Jacques
2060,Jade
2061,Jaden
2062,Jadon
2063,Jadyn
2064,Jae
2065,Jaeden
2066,Jaegar
2067,Jael
2068,Jafar
2069,Jagger
2070,Jago
2071,Jaheim
2072,Jahi
2073,Jai
2074,Jaiden
2075,Jaime
2076,Jair
2077,Jairo
2078,Jairy
2079,Jake
2080,Jakob
2081,Jakobe
2082,Jal
2083,Jaleel
2084,Jalen
2085,Jalon
2086,Jamaal
2087,Jamal
2088,Jamar
2089,Jamarcus
2090,Jamari
2091,Jame
2092,Jamel
2093,James
2094,Jameson
2095,Jamey
2096,Jamie
2097,Jamil
2098,Jamison
2099,Jammie
2100,Jan
2101,Janek
2102,Jan-Harm
2103,Janick
2104,Janis
2105,Janne
2106,Janos
2107,Jansen
2108,Jaquan
2109,Jared
2110,Jarek
2111,Jaren
2112,Jarett
2113,Jari
2114,Jarod
2115,Jaron
2116,Jaroslav
2117,Jarred
2118,Jarrell
2119,Jarren
2120,Jarret
2121,Jarrett
2122,Jarrod
2123,Jarvis
2124,Jas
2125,Jascha
2126,Jasen
2127,Jason
2128,Jasper
2129,Javas
2130,Javier
2131,Javin
2132,Javion
2133,Javis
2134,Javon
2135,Javonte
2136,Jaxon
2137,Jaxson
2138,Jay
2139,Jayant
2140,Jayce
2141,Jayden
2142,Jaydon
2143,Jaye
2144,Jaylan
2145,Jaylen
2146,Jaylin
2147,Jaylon
2148,Jayme
2149,Jayson
2150,Jean
2151,Jean-Paul
2152,Jed
2153,Jedediah
2154,Jedidiah
2155,Jedrek
2156,Jeeves
2157,Jeff
2158,Jefferey
2159,Jeffers
2160,Jefferso
2161,Jefferson
2162,Jeffery
2163,Jeffrey
2164,Jeffry
2165,Jehan
2166,Jellow
2167,Jennifer
2168,Jennings
2169,Jens
2170,Jeoffroi
2171,Jer
2172,Jerad
2173,Jerald
2174,Jeramie
2175,Jeramy
2176,Jere
2177,Jered
2178,Jerel
2179,Jereme
2180,Jeremey
2181,Jeremiah
2182,Jeremie
2183,Jeremy
2184,Jerm
2185,Jermain
2186,Jermaine
2187,Jermey
2188,Jerod
2189,Jeroen
2190,Jerold
2191,Jerome
2192,Jeromy
2193,Jeronimo
2194,Jerrell
2195,Jerrie
2196,Jerrod
2197,Jerrold
2198,Jerrome
2199,Jerry
2200,Jervis
2201,Jerzy
2202,Jesito
2203,Jesper
2204,Jess
2205,Jesse
2206,Jessica
2207,Jessie
2208,Jessy
2209,Jestin
2210,Jesu
2211,Jesus
2212,Jethro
2213,Jett
2214,Jevon
2215,Jewel
2216,Jewell
2217,Jezoir
2218,Jian
2219,Jian-jin
2220,Jibben
2221,Jie
2222,Jiho
2223,Jim
2224,Jimi
2225,Jimmie
2226,Jimmy
2227,Jin
2228,Jiro
2229,Jivin
2230,Joan
2231,Joaquim
2232,Joaquin
2233,Job
2234,Jobe
2235,Jodie
2236,Jody
2237,Joe
2238,Joel
2239,Joerg
2240,Joesph
2241,Joey
2242,Johan
2243,Johanan
2244,Johann
2245,Johannes
2246,Johathan
2247,John
2248,Johnatha
2249,Johnatho
2250,Johnie
2251,Johnnie
2252,Johnny
2253,Johnpaul
2254,Johns
2255,Johnson
2256,Jolon
2257,Jomar
2258,Jon
2259,Jona
2260,Jonah
2261,Jonam
2262,Jonas
2263,Jonatan
2264,Jonathan
2265,Jonathon
2266,Jones
2267,Jonnie
2268,Jonson
2269,Joquin
2270,Joran
2271,Jordan
2272,Jorden
2273,Jordi
2274,Jordon
2275,Jordy
2276,Jordyn
2277,Jorge
2278,Jorgy
2279,Jori
2280,Jorji
2281,Jory
2282,Jose
2283,Joseef
2284,Josef
2285,Josefeno
2286,Joseph
2287,Josh
2288,Joshua
2289,Joshuah
2290,Josia
2291,Josiah
2292,Jospeh
2293,Josue
2294,Jotham
2295,Jourdan
2296,Jov
2297,Jovan
2298,Jovani
2299,Jovanny
2300,Jovany
2301,Joy
2302,Joyce
2303,Ju
2304,Juan
2305,Judah
2306,Judas
2307,Judd
2308,Jude
2309,Judge
2310,Judson
2311,Jules
2312,Julian
2313,Julien
2314,Julio
2315,Julius
2316,Jumah
2317,Junab
2318,Junder
2319,June
2320,Junior
2321,Junious
2322,Junius
2323,Junko
2324,Juno
2325,Jurate
2326,Jurgen
2327,Juri
2328,Just
2329,Justen
2330,Justice
2331,Justin
2332,Justine
2333,Justinian
2334,Justino
2335,Justivo
2336,Justo
2337,Juston
2338,Justus
2339,Justyn
2340,Juwan
2341,Kabil
2342,Kadar
2343,Kade
2344,Kadeem
2345,Kaden
2346,Kadin
2347,Kadir
2348,Kaenan
2349,Kai
2350,Kaiden
2351,Kain
2352,Kaine
2353,Kala
2354,Kalb
2355,Kale
2356,Kaleb
2357,Kalen
2358,Kalin
2359,Kaliq
2360,Kalkin
2361,Kalle
2362,Kalman
2363,Kaloosh
2364,Kalus
2365,Kalvin
2366,Kamali
2367,Kameron
2368,Kami
2369,Kamil
2370,Kamron
2371,Kane
2372,kanishka
2373,Kantu
2374,Karch
2375,Kareem
2376,Karel
2377,Karen
2378,Karif
2379,Karim
2380,Karime
2381,Karl
2382,Karlik
2383,Karmel
2384,Karol
2385,Karolek
2386,Karolis
2387,Karoly
2388,Karson
2389,Kaseko
2390,Kasey
2391,Kashif
2392,Kasib
2393,Kasim
2394,Kasimir
2395,Kason
2396,Kaspar
2397,Kasper
2398,Katrick
2399,Katsuji
2400,Kau
2401,Kavon
2402,Kay
2403,Kayden
2404,Kayin
2405,Kayne
2406,Kazik
2407,Kazutaka
2408,Kazuya
2409,Keagan
2410,Keahi
2411,Kean
2412,Keanu
2413,Keaton
2414,Keb
2415,Kedar
2416,Keddy
2417,Kedem
2418,Keefe
2419,Keegan
2420,Keenan
2421,Kegan
2422,Keighry
2423,Keir
2424,Keith
2425,Keizo
2426,Kelash
2427,Kelby
2428,Kelcey
2429,Kele
2430,Kelemen
2431,Kellen
2432,Kelley
2433,Kelly
2434,Kelsay
2435,Kelsey
2436,Kelsie
2437,Kelton
2438,Kelvin
2439,Ken
2440,Kenan
2441,Kendal
2442,Kendall
2443,Kendric
2444,Kendrick
2445,Keneth
2446,Kenichi
2447,Kenji
2448,Kenn
2449,Kennedy
2450,Kenneth
2451,Kenney
2452,Kennie
2453,Kennith
2454,Kennth
2455,Kenny
2456,Kent
2457,Kenton
2458,Kenya
2459,Kenyatta
2460,Kenyon
2461,Keon
2462,Kerby
2463,Kerel
2464,Kerem
2465,Kerey
2466,Kerk
2467,Kermit
2468,Kern
2469,Kerry
2470,Kers
2471,Kersen
2472,Kerwin
2473,Kesar
2474,Keshaun
2475,Keshawn
2476,Kesin
2477,Kesse
2478,Kester
2479,Keven
2480,Kevin
2481,Kevon
2482,Kevyn
2483,Keyon
2484,Keyshawn
2485,Khaled
2486,Khalid
2487,Khalil
2488,Khallil
2489,Kharalamb
2490,Kharald
2491,Khari
2492,Khristian
2493,Khristofo
2494,Khrystiyi
2495,Khrystofo
2496,Khvyados
2497,Kian
2498,Kibbe
2499,Kiel
2500,Kieran
2501,Kieth
2502,Kijika
2503,Kiko
2504,Kil
2505,Kilian
2506,Kim
2507,Kin
2508,King
2509,Kingsley
2510,Kinsey
2511,Kinyon
2512,Kip
2513,Kipp
2514,Kiral
2515,Kirby
2516,Kiril
2517,Kirill
2518,Kirk
2519,Kirt
2520,Kistna
2521,Kistur
2522,Kit
2523,Kito
2524,Kivi
2525,Kiyoshi
2526,Kizza
2527,Klamencas
2528,Klaudiusz
2529,Klaus
2530,Klavdu
2531,Klemenis
2532,Klemens
2533,Klement
2534,Klemo
2535,Klimek
2536,Kliment
2537,Klyne
2538,Knadall
2539,Knoton
2540,Knud
2541,Knut
2542,Kobe
2543,Koby
2544,Kody
2545,Kokudza
2546,Kolby
2547,Kole
2548,Kolton
2549,Kolya
2550,Konane
2551,Kondrad
2552,Kontar
2553,Korb
2554,Korbin
2555,Korey
2556,Korudon
2557,Kory
2558,Kosei
2559,Kostas
2560,Kosti
2561,Kovar
2562,Kraig
2563,Kreg
2564,Krikor
2565,Kris
2566,Krishna
2567,Krispin
2568,Kriss
2569,Krister
2570,Kristian
2571,Kristo
2572,Kristof
2573,Kristofe
2574,Kristoff
2575,Kristoffe
2576,Kristoph
2577,Kristophe
2578,Kritos
2579,Kronos
2580,Kruin
2581,Krys
2582,Kulen
2583,Kumar
2584,Kumaravel
2585,Kuper
2586,Kurt
2587,Kurtis
2588,Kuzih
2589,Kwaku
2590,Kwam
2591,Kwame
2592,Kwan
2593,Kwasi
2594,Kwazi
2595,Kwesi
2596,Kylan
2597,Kyle
2598,Kyler
2599,Kyree
2600,Kyriakos
2601,Kyril
2602,Kyrillos
2603,Kyros
2604,Kyrylo
2605,Laban
2606,Labid
2607,Lachlan
2608,Lacy
2609,Lad
2610,Ladarius
2611,Ladd
2612,Laddie
2613,Lado
2614,Lafayett
2615,Lafayette
2616,Lafredo
2617,Laine
2618,Laird
2619,Lal
2620,Lamar
2621,LaMarr
2622,Lambert
2623,Lamel
2624,Lammond
2625,Lamond
2626,Lamont
2627,Lance
2628,Landen
2629,Landon
2630,Lane
2631,Lang
2632,Langdon
2633,Langston
2634,Langundo
2635,Lani
2636,Lannie
2637,Lanny
2638,Lanu
2639,Laren
2640,Larkin
2641,Laron
2642,Larrance
2643,Larrie
2644,Larry
2645,Lars
2646,Larson
2647,Lashawn
2648,Latrell
2649,Lauento
2650,Launce
2651,Launcelot
2652,Lauran
2653,Laurel
2654,Lauren
2655,Laurence
2656,Laurens
2657,Laurent
2658,Laurentiu
2659,Laurenz
2660,LaVelle
2661,Lavern
2662,Laverne
2663,Lavi
2664,Law
2665,Lawerenc
2666,Lawren
2667,Lawrence
2668,Lawry
2669,Laws
2670,Lawson
2671,Layne
2672,Layton
2673,Lazaro
2674,Leaf
2675,Lealand
2676,Leamon
2677,Leanardo
2678,Leander
2679,Leandro
2680,Leben
2681,Lechito
2682,Ledama
2683,Lee
2684,Leegrant
2685,Leeland
2686,Leeroy
2687,Lefty
2688,Leif
2689,Leigh
2690,Leit
2691,Leland
2692,Lem
2693,Lemuel
2694,Len
2695,Lenard
2696,Lenci
2697,Lenhart
2698,Lenn
2699,Lennard
2700,Lennie
2701,Lenno
2702,Lennor
2703,Lennox
2704,Lenny
2705,Lenox
2706,Lensar
2707,Lenz
2708,Leo
2709,Leon
2710,Leonard
2711,Leonardo
2712,Leonardus
2713,Leoncio
2714,Leone
2715,Leonel
2716,Leonhard
2717,Leonid
2718,Leonie
2719,Leopold
2720,Leopoldo
2721,Leron
2722,Leroy
2723,Les
2724,Lesley
2725,Leslie
2726,Lester
2727,Levar
2728,Levi
2729,Levy
2730,Lew
2731,Lewie
2732,Lewis
2733,Lex
2734,Liam
2735,Liang
2736,Liberty
2737,Liko
2738,Lillian
2739,Lincoln
2740,Linden
2741,Lindon
2742,Lindsay
2743,Lindsey
2744,Linfred
2745,Link
2746,Linn
2747,Lino
2748,Linus
2749,Linwood
2750,Lio
2751,Lionardo
2752,Lionel
2753,Lionello
2754,Lisa
2755,Lito
2756,Liu
2757,Liwanu
2758,Llewelly
2759,Llewellyn
2760,Lloyd
2761,Lodewick
2762,Lodewijk
2763,Lodovico
2764,Loe
2765,Loew
2766,Logan
2767,Lois
2768,Loman
2769,Lon
2770,Lonato
2771,London
2772,Long
2773,Lonnie
2774,Lonny
2775,Lonzo
2776,Loran
2777,Lorant
2778,Loranzio
2779,Lord
2780,Loren
2781,Lorens
2782,Lorenz
2783,Lorenza
2784,Lorenzo
2785,Lorin
2786,Lorne
2787,Lothar
2788,Lotus
2789,Lou
2790,Loudon
2791,Louie
2792,Louis
2793,Lovell
2794,Lovre
2795,Lowe
2796,Lowell
2797,Lowenhard
2798,Lowther
2799,Loy
2800,Loyal
2801,Loyd
2802,Luca
2803,Lucas
2804,Lucian
2805,Luciano
2806,Lucien
2807,Lucio
2808,Lucious
2809,Lucius
2810,Ludovic
2811,Ludvig
2812,Ludwig
2813,Luigi
2814,Luis
2815,Luister
2816,Luiz
2817,Lukas
2818,Luke
2819,Lukyan
2820,Lunt
2821,Lupe
2822,Luteris
2823,Luther
2824,Lutherio
2825,Lyel
2826,Lyell
2827,Lyle
2828,Lyman
2829,Lyn
2830,Lyndon
2831,Lynn
2832,Lynwood
2833,Lyron
2834,Mac
2835,Macaliano
2836,Mace
2837,Macisimi
2838,Mack
2839,MacKeefry
2840,MacKeighr
2841,Mackenzi
2842,Madhu
2843,Madhujit
2844,Madison
2845,Madoc
2846,Madog
2847,Maelmore
2848,Maggio
2849,Magnus
2850,Maher
2851,Mahir
2852,Mahlom
2853,Mahlon
2854,Maik
2855,Maimun
2856,Mairav
2857,Major
2858,Makan
2859,Makis
2860,Maksim
2861,Mal
2862,Malachi
2863,Malachy
2864,Malcolm
2865,Malcom
2866,Malek
2867,Malik
2868,Malon
2869,Mamo
2870,Man
2871,Mancho
2872,Manchu
2873,Manco
2874,Mandek
2875,Mander
2876,Mando
2877,Mandrill
2878,Manipi
2879,Manish
2880,Manley
2881,Manny
2882,Manoj
2883,Mansa
2884,Mansah
2885,Mansur
2886,Manton
2887,Manu
2888,Manual
2889,Manuel
2890,Manus
2891,Maolmuire
2892,Marar
2893,Marc
2894,Marcel
2895,Marcelin
2896,Marcelino
2897,Marcellu
2898,Marcelo
2899,March
2900,Marcial
2901,Marcius
2902,Marco
2903,Marcos
2904,Marcus
2905,Marek
2906,Margaret
2907,Margarit
2908,Maria
2909,Mariano
2910,Marid
2911,Marie
2912,Marin
2913,Mario
2914,Marion
2915,Mark
2916,Markel
2917,Markell
2918,Markos
2919,Markus
2920,Marlin
2921,Marlon
2922,Marlyn
2923,Marmaduke
2924,Marnin
2925,Maron
2926,Marques
2927,Marquez
2928,Marquis
2929,Marquise
2930,Marquitos
2931,Marr
2932,Marrim
2933,Marsh
2934,Marshal
2935,Marshall
2936,Marsilio
2937,Mart
2938,Martainn
2939,Martel
2940,Marten
2941,Martie
2942,Martijn
2943,Martin
2944,Martinici
2945,Marton
2946,Marty
2947,Marut
2948,Marv
2949,Marve
2950,Marven
2951,Marvin
2952,Marwan
2953,Mary
2954,Masahiro
2955,Masamitsu
2956,Masamo
2957,Mascimo
2958,Mashruk
2959,Masial
2960,Maslin
2961,Mason
2962,Masou
2963,Massey
2964,Massimila
2965,Masud
2966,Mat
2967,Mata
2968,Matejo
2969,Mateo
2970,Matheo
2971,Mathew
2972,Mathias
2973,Mathieu
2974,Mato
2975,Matope
2976,Matt
2977,Matte
2978,Matteo
2979,Matthaeus
2980,Matthaus
2981,Mattheo
2982,Matthes
2983,Mattheus
2984,Matthew
2985,Matthia
2986,Matthias
2987,Mattie
2988,Mattieu
2989,Matty
2990,Matyas
2991,Mauli
2992,Maur
2993,Maureo
2994,Maurice
2995,Mauricio
2996,Maurie
2997,Maurits
2998,Maurizio
2999,Mauro
3000,Maurosio
3001,Maursio
3002,Maury
3003,Maverick
3004,Max
3005,Maxie
3006,Maxim
3007,Maxime
3008,Maximili
3009,Maximilia
3010,Maximilie
3011,Maximill
3012,Maximino
3013,Maximo
3014,Maximus
3015,Maxino
3016,Maxio
3017,Maxwell
3018,Maxy
3019,Mayer
3020,Maynard
3021,Mayo
3022,Mayon
3023,Mazen
3024,Mcarthur
3025,McCain
3026,McCullagh
3027,McCullock
3028,McCullouc
3029,McCulloug
3030,McKay
3031,Mckinley
3032,Mearl
3033,Mehdi
3034,Mehmet
3035,Mehtar
3036,Meir
3037,Mekhi
3038,Mel
3039,Melissa
3040,Melton
3041,Melvern
3042,Melville
3043,Melvin
3044,Melvyn
3045,Mendeley
3046,Menker
3047,Mensah
3048,Menz
3049,Mered
3050,Meredith
3051,Merl
3052,Merle
3053,Merlin
3054,Merlyn
3055,Merrill
3056,Merripen
3057,Merritt
3058,Mertin
3059,Merton
3060,Mervin
3061,Mervyn
3062,Merwyn
3063,Meryl
3064,Meson
3065,Messimo
3066,Mestipen
3067,Meurig
3068,Meuriz
3069,Mew
3070,Meyer
3071,Mic
3072,Micah
3073,Micalao
3074,Michael
3075,Michail
3076,Michal
3077,Michale
3078,Micheal
3079,Micheil
3080,Michel
3081,Michele
3082,Michelle
3083,Michiel
3084,Mickel
3085,Mickey
3086,Mickie
3087,Micky
3088,Migael
3089,Miguel
3090,Miguelito
3091,Mikael
3092,Mike
3093,Mikel
3094,Mikhael
3095,Mikhail
3096,Mikkel
3097,Miklos
3098,Mil
3099,Milan
3100,Milap
3101,Milburn
3102,Miles
3103,Milford
3104,Milko
3105,Millard
3106,Miller
3107,Mills
3108,Milo
3109,Milos
3110,Milt
3111,Milton
3112,Milun
3113,Mimis
3114,Mingan
3115,Mingdong
3116,Ming-Fang
3117,Mingo
3118,Minh
3119,Miquel
3120,Mirit
3121,Misael
3122,Misu
3123,Mitch
3124,Mitchel
3125,Mitchell
3126,Moamin
3127,Modesto
3128,Moe
3129,Mohamed
3130,Mohammad
3131,Mohammed
3132,Mohan
3133,Moises
3134,Mojag
3135,Molimo
3136,Monro
3137,Monroe
3138,Monserra
3139,Montagu
3140,Montague
3141,Montana
3142,Monte
3143,Montgome
3144,Montgomer
3145,Monty
3146,Moonsuk
3147,Moore
3148,Morel
3149,Morey
3150,Morgan
3151,Moricz
3152,Moritz
3153,Morley
3154,Morrel
3155,Morrell
3156,Morrice
3157,Morris
3158,Morrison
3159,Morriss
3160,Morse
3161,Mort
3162,Mortie
3163,Mortimer
3164,Morton
3165,Morven
3166,Mose
3167,Moses
3168,Moshe
3169,Mosheh
3170,Mosi
3171,Mosie
3172,Moss
3173,Mossimo
3174,Mostyn
3175,Moswen
3176,Motega
3177,Moy
3178,Moyes
3179,Moze
3180,Mozes
3181,Mpeti
3182,Muhammad
3183,Mull
3184,Munda
3185,Mundek
3186,Mundy
3187,Munroe
3188,Munrow
3189,Murdo
3190,Murdoch
3191,Murl
3192,Murphy
3193,Murray
3194,Murry
3195,Murtagh
3196,Murthy
3197,Muruganan
3198,Mustafa
3199,Mwangi
3200,Mykel
3201,Myles
3202,Myrddin
3203,Myron
3204,Nab
3205,Nabeel
3206,Nabil
3207,Nader
3208,Nado
3209,Nagid
3210,Nahele
3211,Nahma
3212,Nahum
3213,Najee
3214,Nakia
3215,Naldo
3216,Nalin
3217,Nalren
3218,Namid
3219,Namir
3220,Nancy
3221,Nanda
3222,Nandin
3223,Nando
3224,Nandor
3225,Nano
3226,Napoleon
3227,Narain
3228,Narciso
3229,Nard
3230,Narinder
3231,Nash
3232,Nasir
3233,Nasser
3234,Nat
3235,Natal
3236,Natale
3237,Natan
3238,Nataneal
3239,Nataniel
3240,Nate
3241,Nathan
3242,Nathanae
3243,Nathaneal
3244,Nathania
3245,Nathanie
3246,Nathaniel
3247,Nathen
3248,Natilio
3249,Natty
3250,Nav
3251,Naveed
3252,Navin
3253,Nawat
3254,Nayati
3255,Nayo
3256,Neacail
3257,Neal
3258,Neale
3259,Nealey
3260,Neall
3261,Nealson
3262,Necho
3263,Necolas
3264,Ned
3265,Neddie
3266,Neddy
3267,Neel
3268,Neeraj
3269,Neftali
3270,Nehemiah
3271,Nehru
3272,Neil
3273,Neill
3274,Neirin
3275,Neith
3276,Nelek
3277,Nelo
3278,Nels
3279,Nelson
3280,Nen
3281,Neper
3282,Nepter
3283,Neptune
3284,Nermin
3285,Neron
3286,Nestor
3287,Neto
3288,Nevil
3289,Nevile
3290,Neville
3291,Nevin
3292,Newell
3293,Newlin
3294,Newman
3295,Newton
3296,Nial
3297,Niall
3298,Nibaw
3299,Nibras
3300,Nicabar
3301,Nicanor
3302,Niccolini
3303,Niccolo
3304,Nichol
3305,Nicholas
3306,Nicholau
3307,Nick
3308,Nicklas
3309,Nicklaus
3310,Nickolas
3311,Nicky
3312,Nico
3313,Nicol
3314,Nicola
3315,Nicolaas
3316,Nicolai
3317,Nicolao
3318,Nicolas
3319,Nicolaus
3320,Nicolum
3321,Niel
3322,Niels
3323,Nielson
3324,Nigan
3325,Nigel
3326,Nihat
3327,Nik
3328,Nike
3329,Nikhil
3330,Nikita
3331,Nikky
3332,Niklas
3333,Niko
3334,Nikolai
3335,Nikolaos
3336,Nikolas
3337,Nikolaus
3338,Nikolos
3339,Niles
3340,Nilo
3341,Nils
3342,Nilson
3343,Nionios
3344,Nishu
3345,Nissan
3346,Nissim
3347,Nitin
3348,Nitis
3349,Nix
3350,Nnamdi
3351,Noah
3352,Noam
3353,Nobby
3354,Noble
3355,Nobutaka
3356,Nod
3357,Nodin
3358,Noe
3359,Noel
3360,Nolan
3361,Noland
3362,Noldy
3363,Noll
3364,Norbert
3365,Norberto
3366,Norm
3367,Norman
3368,Normand
3369,Normie
3370,Normy
3371,Norris
3372,Nort
3373,Norton
3374,Norval
3375,Norwood
3376,Nowel
3377,Nowell
3378,Nowles
3379,Noy
3380,Numair
3381,Numbers
3382,Numps
3383,Nunzio
3384,Nuradiba
3385,Nuri
3386,Nuru
3387,Nusair
3388,Nykia
3389,Nyle
3390,Oakley
3391,Oba
3392,Obadiah
3393,Oberon
3394,Obie
3395,Obram
3396,Ocie
3397,Octavian
3398,Octavio
3399,Octavius
3400,Oday
3401,Odell
3402,Odie
3403,Odin
3404,Odinan
3405,Odinum
3406,Odion
3407,Odis
3408,Odissan
3409,Odo
3410,Odoardo
3411,Odom
3412,Odon
3413,Odysseus
3414,Offin
3415,Ogden
3416,Ogdon
3417,Ogdun
3418,Ognn
3419,Ohanko
3420,Ohannes
3421,Ohin
3422,Oighrig
3423,Okey
3424,Oko
3425,Okon
3426,Olaf
3427,Olan
3428,Olav
3429,Ole
3430,Oleg
3431,Olen
3432,Olery
3433,Oles
3434,Olin
3435,Oliva
3436,Oliver
3437,Oliverio
3438,Olivier
3439,Olivo
3440,Olley
3441,Ollie
3442,Olly
3443,Olorun
3444,Olwen
3445,Omar
3446,Omari
3447,Omer
3448,Omero
3449,Onan
3450,Onani
3451,Ondro
3452,Oneal
3453,Onfredo
3454,Onfroi
3455,Onofre
3456,Onofredo
3457,Oon-Gil
3458,Opie
3459,Ora
3460,Oracio
3461,Oral
3462,Oran
3463,Orasio
3464,Orazio
3465,Orban
3466,Ordando
3467,Orel
3468,Oren
3469,Orie
3470,Oriel
3471,Orien
3472,Orin
3473,Oriole
3474,Orion
3475,Orito
3476,Orji
3477,Orland
3478,Orlando
3479,Orlo
3480,Orlondo
3481,Orren
3482,Orrin
3483,Orsino
3484,Orson
3485,Orunjan
3486,Orv
3487,Orval
3488,Orvie
3489,Orvil
3490,Orville
3491,Osamu
3492,Osbert
3493,Osborn
3494,Osborne
3495,Oscar
3496,Oseep
3497,Oskar
3498,Osman
3499,Osmans
3500,Osmin
3501,Osric
3502,Ossian
3503,Ossie
3504,Ossy
3505,Osvaldo
3506,Oswald
3507,Oswaldo
3508,Oswell
3509,Oswin
3510,Otadan
3511,Otello
3512,Otha
3513,Othello
3514,Otho
3515,Othom
3516,Othoneil
3517,Otis
3518,Otman
3519,Oto
3520,Otone
3521,Otoniel
3522,Ottah
3523,Ottis
3524,Otto
3525,Ottoman
3526,Otton
3527,Ottorino
3528,Ouray
3529,Oussama
3530,Ovid
3531,Owain
3532,Owayne
3533,Owen
3534,Owudunni
3535,Oz
3536,Ozzie
3537,Paavo
3538,Pabis
3539,Pablino
3540,Pablo
3541,Pabolo
3542,Pacer
3543,Paco
3544,Paddingto
3545,Paddy
3546,Padraic
3547,Padraig
3548,Padrig
3549,Padruig
3550,Pahl
3551,Paki
3552,Pal
3553,Palacido
3554,Paladin
3555,Pall
3556,Pallaton
3557,Palmer
3558,Panchito
3559,Pancho
3560,Pancholo
3561,Pankaj
3562,Panzo
3563,Paoli
3564,Paolino
3565,Paolo
3566,Papillong
3567,Paplo
3568,Papplo
3569,Papplone
3570,Paquin
3571,Paris
3572,Park
3573,Parker
3574,Parlan
3575,Parnel
3576,Parnell
3577,Parris
3578,Parrish
3579,Parsefal
3580,Parsifal
3581,Parthalon
3582,Partholon
3583,Parzival
3584,Pascal
3585,Paschall
3586,Paschell
3587,Pascoe
3588,Pascual
3589,Pasqual
3590,Pasquale
3591,Passifull
3592,Pat
3593,Patamon
3594,Patric
3595,Patricia
3596,Patrician
3597,Patricio
3598,Patrick
3599,Patrin
3600,Patritio
3601,Patrizius
3602,Patsy
3603,Pattin
3604,Pattison
3605,Patwin
3606,Paul
3607,Paulico
3608,Paulie
3609,Paulino
3610,Paulius
3611,Paullin
3612,Paulo
3613,Paulos
3614,Paulot
3615,Paultje
3616,Paulum
3617,Paulus
3618,Pava
3619,Pavek
3620,Pavel
3621,Pavlin
3622,Pavlo
3623,Pawley
3624,Paxton
3625,Payat
3626,Payton
3627,Paz
3628,Peadair
3629,Pearce
3630,Pearl
3631,Pearson
3632,Peddy
3633,Peder
3634,Pedr
3635,Pedran
3636,Pedro
3637,Peers
3638,Pelo
3639,Pelota
3640,Penjani
3641,Pentti
3642,Peppo
3643,Per
3644,Perce
3645,Perceval
3646,Percifull
3647,Percival
3648,Percy
3649,Peregrine
3650,Perico
3651,Periquin
3652,Perkin
3653,Pernel
3654,Pernell
3655,Pero
3656,Perrin
3657,Perry
3658,Perseus
3659,Pershing
3660,Pesach
3661,Pete
3662,Peter
3663,Peters
3664,Petey
3665,Petie
3666,Petr
3667,Petrick
3668,Petrie
3669,Petronio
3670,Petronius
3671,Petros
3672,Petruccio
3673,Petrus
3674,Petruscha
3675,Peyo
3676,Peyton
3677,Phelis
3678,Phil
3679,Philip
3680,Philippe
3681,Philippos
3682,Philips
3683,Phillip
3684,Phillips
3685,Phineas
3686,Phoenix
3687,Photios
3688,Phuong
3689,Pias
3690,Pico
3691,Piedro
3692,Pierce
3693,Pierin
3694,Piero
3695,Pierre
3696,Pierrot
3697,Piers
3698,Piet
3699,Pieter
3700,Pietro
3701,Pilan
3702,Pilar
3703,Pili
3704,Pilib
3705,Pillan
3706,Pink
3707,Pinocchio
3708,Pinon
3709,Pip
3710,Piper
3711,Pipito
3712,Pippo
3713,Piquin
3714,Pirro
3715,Piter
3716,Pito
3717,Pitricio
3718,Pius
3719,Pjotr
3720,Placedo
3721,Placi
3722,Placido
3723,Plasio
3724,Plato
3725,Platon
3726,Plesido
3727,Pol
3728,Polin
3729,Poncho
3730,Ponso
3731,Porfirio
3732,Porter
3733,Pov
3734,Powa
3735,Prabhakar
3736,Prakash
3737,Pranas
3738,Pranav
3739,Prashant
3740,Prem
3741,Preston
3742,Price
3743,Primitiv
3744,Prince
3745,Przemek
3746,Puay
3747,Puck
3748,Pudge
3749,Purdy
3750,Pursey
3751,Purvis
3752,Pyotr
3753,Qiang
3754,Quaashie
3755,Quan
3756,Quentin
3757,Quico
3758,Quill
3759,Quillan
3760,Quillermo
3761,Quina
3762,Quincy
3763,Quinitus
3764,Quinlan
3765,Quinn
3766,Quint
3767,Quinten
3768,Quintin
3769,Quinton
3770,Quinzell
3771,Quiqui
3772,Quirin
3773,Quito
3774,Quocan
3775,Rab
3776,Rabbie
3777,Rabi
3778,Rabin
3779,Racho
3780,Radames
3781,Radman
3782,Radomil
3783,Radoslav
3784,Rae
3785,Raekwon
3786,Rafael
3787,Rafal
3788,Rafalek
3789,Rafayil
3790,Rafe
3791,Raff
3792,Raffael
3793,Raffaello
3794,Rafi
3795,Rafiq
3796,Rafiuddin
3797,Rag
3798,Raghnall
3799,Ragnar
3800,Raheem
3801,Rahman
3802,Rahmet
3803,Rahsaan
3804,Rahul
3805,Raiden
3806,Raimondo
3807,Raimont
3808,Raimund
3809,Raimundo
3810,Rainer
3811,Raini
3812,Rajan
3813,Rajendra
3814,Rajesh
3815,Raji
3816,Rajib
3817,Raldan
3818,Raleigh
3819,Ralf
3820,Ralph
3821,Ralphie
3822,Ramadan
3823,Rameo
3824,Rami
3825,Ramiro
3826,Ramman
3827,Ramon
3828,Ramsay
3829,Ramsden
3830,Ramsey
3831,Ramzee
3832,Rand
3833,Randal
3834,Randall
3835,Randel
3836,Randell
3837,Randey
3838,Randi
3839,Randie
3840,Randle
3841,Randolf
3842,Randolph
3843,Randy
3844,Ranon
3845,Ransom
3846,Raoul
3847,Raphael
3848,Rapier
3849,Rashad
3850,Rashadi
3851,Rashawn
3852,Rasheed
3853,Rashid
3854,Rashmi
3855,Rasmus
3856,Rastus
3857,Rattlesna
3858,Raul
3859,Raulio
3860,Raulo
3861,Raven
3862,Ravi
3863,Ravid
3864,Raviv
3865,Ray
3866,Rayburn
3867,Rayford
3868,Rayke
3869,Raymon
3870,Raymond
3871,Raymundo
3872,Raynard
3873,Raynold
3874,Rayshawn
3875,Razi
3876,Read
3877,Reade
3878,Reagan
3879,Reamonn
3880,Red
3881,Redbert
3882,Redd
3883,Reddy
3884,Rede
3885,Redmond
3886,Redmund
3887,Redolfo
3888,Redvers
3889,Reece
3890,Reed
3891,Rees
3892,Reese
3893,Refugio
3894,Reg
3895,Reges
3896,Reggie
3897,Reggy
3898,Reginal
3899,Reginald
3900,Reginmunt
3901,Regis
3902,Regnauld
3903,Regnault
3904,Regulo
3905,Reico
3906,Reid
3907,Reilly
3908,Reinald
3909,Reinaldo
3910,Reinaldos
3911,Reinhart
3912,Reinhold
3913,Reino
3914,Reinold
3915,Reinwald
3916,Reiss
3917,Remingto
3918,Remington
3919,Renaldo
3920,Renato
3921,Renaud
3922,Renault
3923,Renaut
3924,Rendor
3925,Rene
3926,Renenet
3927,Renny
3928,Reno
3929,Renouf
3930,Renzo
3931,Resham
3932,Reuben
3933,Reubin
3934,Reuven
3935,Rex
3936,Rexford
3937,Rey
3938,Reyes
3939,Reyhan
3940,Reymond
3941,Reymundo
3942,Reynaldo
3943,Reynaldos
3944,Reynold
3945,Reynolds
3946,Rez
3947,Rezso
3948,Rhett
3949,Rhiannon
3950,Rhodri
3951,Rhydderch
3952,Rhys
3953,Ric
3954,Ricardo
3955,Riccardo
3956,Ricciardo
3957,Rich
3958,Richard
3959,Richardso
3960,Richart
3961,Richerd
3962,Richi
3963,Richie
3964,Richmond
3965,Rick
3966,Rickert
3967,Rickey
3968,Ricki
3969,Rickie
3970,Ricky
3971,Rico
3972,Ricordio
3973,Ridge
3974,Riduan
3975,Rigobert
3976,Riik
3977,Rikard
3978,Riks
3979,Riley
3980,Rimington
3981,Rimon
3982,Rimril
3983,Rinaldo
3984,Ringan
3985,Ringo
3986,Riobard
3987,Rion
3988,Riquerto
3989,Riqui
3990,Risto
3991,Ritchie
3992,River
3993,Rizwan
3994,Rizzo
3995,Roald
3996,Roan
3997,Rob
3998,Robar
3999,Robb
4000,Robbie
4001,Robby
4002,Robert
4003,Roberto
4004,Robertson
4005,Robi
4006,Robin
4007,Robinson
4008,Robson
4009,Robt
4010,Rocco
4011,Rock
4012,Rockwell
4013,Rocky
4014,Rod
4015,Rodalfo
4016,Rodas
4017,Roddie
4018,Roddy
4019,Roderic
4020,Roderich
4021,Roderick
4022,Rodge
4023,Rodger
4024,Rodgers
4025,Rodhlann
4026,Rodin
4027,Rodman
4028,Rodney
4029,Rodolfo
4030,Rodrego
4031,Rodrick
4032,Rodrigo
4033,Roel
4034,Roeland
4035,Rog
4036,Rogelio
4037,Roger
4038,Rogerio
4039,Rogero
4040,Rogers
4041,Roguerio
4042,Rohan
4043,Rohelio
4044,Rohin
4045,Rohit
4046,Roi
4047,Rojelio
4048,Roland
4049,Rolando
4050,Roldan
4051,Rolf
4052,Rolfe
4053,Rolla
4054,Rollan
4055,Rolland
4056,Rollie
4057,Rollin
4058,Rollins
4059,Rollo
4060,Rollon
4061,Rolly
4062,Rolo
4063,Rolon
4064,Rolph
4065,Romain
4066,Roman
4067,Romance
4068,Romano
4069,Romarico
4070,Romeo
4071,Romino
4072,Romney
4073,Ron
4074,Ronald
4075,Ronaldo
4076,Ronan
4077,Roni
4078,Ronin
4079,Ronnie
4080,Ronny
4081,Roosevel
4082,Roosevelt
4083,Roppon
4084,Rorie
4085,Rory
4086,Rosario
4087,Roscoe
4088,Rosendo
4089,Rosevelt
4090,Rosmer
4091,Ross
4092,Roswell
4093,Roth
4094,Rouvin
4095,Roverto
4096,Rowan
4097,Rowe
4098,Rowland
4099,Roy
4100,Royal
4101,Royce
4102,Royd
4103,Ruairdhri
4104,Ruairi
4105,Rubben
4106,Rube
4107,Ruben
4108,Ruberto
4109,Rubin
4110,Ruby
4111,Rudd
4112,Ruddy
4113,Rudgerd
4114,Rudiger
4115,Rudo
4116,Rudolf
4117,Rudolph
4118,Rudolpho
4119,Rudolphus
4120,Rudro
4121,Rudy
4122,Rudyard
4123,Rueben
4124,Rufe
4125,Rufeo
4126,Ruferto
4127,Ruffo
4128,Rufino
4129,Rufinus
4130,Rufio
4131,Rufo
4132,Rufus
4133,Ruggero
4134,Ruggiero
4135,Rugino
4136,Rujelio
4137,Rulf
4138,Runako
4139,Rune
4140,Rupert
4141,Ruperto
4142,Rupo
4143,Ruprecht
4144,Rurich
4145,Rurik
4146,Rushi
4147,Russ
4148,Russel
4149,Russell
4150,Rusty
4151,Rutger
4152,Ruth
4153,Rutherfor
4154,Rutty
4155,Ruy
4156,Ruyen
4157,Ryan
4158,Rydell
4159,Ryder
4160,Rylan
4161,Ryland
4162,Rylee
4163,Ryley
4164,Ryne
4165,Sabarain
4166,Sabastia
4167,Sabin
4168,Sabino
4169,Sabriam
4170,Saburo
4171,Sacarias
4172,Sacco
4173,Sacha
4174,Sachar
4175,Sadanand
4176,Saffron
4177,Sage
4178,Sahale
4179,Sahen
4180,Sahin
4181,Saidur
4182,Saiful
4183,Sailbheas
4184,Sakima
4185,Sal
4186,Salih
4187,Salim
4188,Salmalin
4189,Salman
4190,Salmon
4191,Salome
4192,Salomon
4193,Salos
4194,Salud
4195,Salustian
4196,Salvador
4197,Salvadore
4198,Salvator
4199,Salvatore
4200,Sam
4201,Samaresh
4202,Sameer
4203,Samein
4204,Sami
4205,Samir
4206,Sammie
4207,Sammon
4208,Sammy
4209,Samouel
4210,Samson
4211,Samual
4212,Samuel
4213,Samuele
4214,Samuelo
4215,Samuru
4216,Sanat
4217,Sandeep
4218,Sander
4219,Sanders
4220,Sandip
4221,Sandon
4222,Sandor
4223,Sandra
4224,Sandy
4225,Sanford
4226,Sang
4227,Sangdrax
4228,Sani
4229,Sanjay
4230,Sanjeev
4231,Sanson
4232,Santiago
4233,Santo
4234,Santos
4235,Santosh
4236,Sarad
4237,Sarah
4238,Sarge
4239,Sargent
4240,Sarngin
4241,Sarojin
4242,Sartan
4243,Sasha
4244,Satish
4245,Saul
4246,Saulo
4247,Saurabh
4248,Saurav
4249,Sauveur
4250,Savion
4251,Savvas
4252,Sawyer
4253,Sayaka
4254,Schindler
4255,Schroeder
4256,Schuyler
4257,Scot
4258,Scotie
4259,Scott
4260,Scotti
4261,Scottie
4262,Scotty
4263,Scuit
4264,Seagram
4265,Seaian
4266,Seamus
4267,Sean
4268,Seann
4269,Seaton
4270,Sebastia
4271,Sebastian
4272,Sebastien
4273,Sedrick
4274,Seetharam
4275,Sef
4276,Sefano
4277,Segel
4278,Segrerico
4279,Seif
4280,Seker
4281,Selbastia
4282,Selim
4283,Selmar
4284,Selmer
4285,Selvestre
4286,Sem
4287,Semaj
4288,Senon
4289,Senthilku
4290,Senwe
4291,Seosaidh
4292,Sepp
4293,Septimus
4294,Serdar
4295,Serge
4296,Sergeant
4297,Sergio
4298,Sesha
4299,Sesilium
4300,Sessylt
4301,Seth
4302,Seton
4303,Seumas
4304,Seumus
4305,Sevastian
4306,Sevilen
4307,Sextus
4308,Seymore
4309,Seymour
4310,Shabbeedu
4311,Shad
4312,Shafayet
4313,Shah
4314,Shahak
4315,Shahe
4316,Shahriyar
4317,Shalom
4318,Shamar
4319,Shameel
4320,Shamir
4321,Shamus
4322,Shan
4323,Shane
4324,Shankar
4325,Shannon
4326,Shanon
4327,Shanti
4328,Shaquill
4329,Sharif
4330,Sharon
4331,Shaun
4332,Shaw
4333,Shawn
4334,Shay
4335,Shayne
4336,Shea
4337,Sheehan
4338,Shelby
4339,Sheldon
4340,Shelley
4341,Shelomoh
4342,Shelton
4343,Shem
4344,Shemar
4345,Shemuel
4346,Shen
4347,Shengdar
4348,Sheratan
4349,Sherborn
4350,Sherm
4351,Sherman
4352,Sherrill
4353,Sherwin
4354,Sherwood
4355,Shiloh
4356,Shimon
4357,Shing
4358,Shino
4359,Shirley
4360,Shiro
4361,Sholom
4362,Sholto
4363,Shon
4364,Shrihas
4365,Shrijay
4366,Shuhung
4367,Shul
4368,Shyenti
4369,Sibian
4370,Sicilio
4371,Sid
4372,Sidath
4373,Siddharth
4374,Sidney
4375,Siegfried
4376,Siegmund
4377,Sig
4378,Sigamond
4379,Sigfrid
4380,Sigismond
4381,Sigismund
4382,Sigmond
4383,Sigmund
4384,Sigurd
4385,Silas
4386,Silvain
4387,Silvano
4388,Silverio
4389,Silvester
4390,Silvestre
4391,Silvestro
4392,Silvio
4393,Sim
4394,Simao
4395,Simen
4396,Simeon
4397,Simon
4398,Simpkins
4399,Simpson
4400,Sina
4401,Sincere
4402,Sinclair
4403,Singh
4404,Siobhan
4405,Siomonn
4406,Sipatu
4407,Sirilio
4408,Sirol
4409,Siva
4410,Sivan
4411,Sixto
4412,Skylar
4413,Skyler
4414,Slade
4415,Slane
4416,Slava
4417,Slavik
4418,Slevin
4419,Sly
4420,Smith
4421,Snehal
4422,Sofian
4423,Sohil
4424,Sol
4425,Solaman
4426,Solamh
4427,Sollie
4428,Solly
4429,Solomon
4430,Solon
4431,Somhairle
4432,Son
4433,Songan
4434,Sonny
4435,Sopharith
4436,Sorley
4437,Sped
4438,Spence
4439,Spencer
4440,Spenser
4441,Spofford
4442,Spofforth
4443,Srdan
4444,Srdjan
4445,Sreko
4446,Srinivas
4447,Srulka
4448,Stacey
4449,Stacy
4450,Stagger
4451,Stan
4452,Stancio
4453,Stane
4454,Stanford
4455,Stanislau
4456,Stanislav
4457,Stanlee
4458,Stanleigh
4459,Stanley
4460,Stanly
4461,Stannard
4462,Stanton
4463,Starling
4464,Starr
4465,Steaphan
4466,Stefan
4467,Stefano
4468,Steffen
4469,Stephan
4470,Stephani
4471,Stephanos
4472,Stephanus
4473,Stephen
4474,Stephon
4475,Stepka
4476,Sterling
4477,Stetson
4478,Steuart
4479,Stevan
4480,Steve
4481,Steven
4482,Stevie
4483,Stevin
4484,Stew
4485,Steward
4486,Stewart
4487,Stiggur
4488,Stiobhan
4489,Stirling
4490,Stoffel
4491,Stone
4492,Stoney
4493,Stori
4494,Storm
4495,Strom
4496,Stu
4497,Stuart
4498,Styg
4499,Subhani
4500,Subir
4501,Sudi
4502,Sultan
4503,Sumit
4504,Sumner
4505,Sung
4506,Suresh
4507,Susan
4508,Suti
4509,Sven
4510,Sworn
4511,Syd
4512,Sydney
4513,Syed
4514,Sylbestri
4515,Sylvan
4516,Sylvesdre
4517,Sylveste
4518,Sylvester
4519,Syril
4520,Syrus
4521,Szymon
4522,Taavetti
4523,Tabib
4524,Tabo
4525,Tabor
4526,Tad
4527,Tadanobu
4528,Tadeo
4529,Tadhg
4530,Tadi
4531,Tadzi
4532,Taghi
4533,Tahir
4534,Taison
4535,Tait
4536,Taj
4537,Takashi
4538,Takayuki
4539,Takis
4540,Takuji
4541,Tal
4542,Talal
4543,Tales
4544,Taliesin
4545,Talis
4546,Talli
4547,Talmadge
4548,Talman
4549,Talon
4550,Tam
4551,Taman
4552,Tamar
4553,Tamas
4554,Tammy
4555,Tandy
4556,Tanek
4557,Taner
4558,Tani
4559,Tanner
4560,Tano
4561,Tao
4562,Tarik
4563,Tarintino
4564,Tariq
4565,Tarn
4566,Taro
4567,Tarquin
4568,Tarrus
4569,Tas
4570,Tate
4571,Tatsu
4572,Tatsuya
4573,Tau
4574,Tauno
4575,Taurean
4576,Taurin
4577,Tavares
4578,Tavis
4579,Tavito
4580,Tavo
4581,Tavon
4582,Tawno
4583,Tayib
4584,Tayler
4585,Taylor
4586,Tayor
4587,Tazari
4588,Tearlach
4589,Tecumseh
4590,Ted
4591,Teddy
4592,Tedi
4593,Teemofe
4594,Telek
4595,Telem
4596,Tellis
4597,Telly
4598,Tem
4599,Teman
4600,Temotio
4601,Tente
4602,Teodero
4603,Teodocio
4604,Teodoro
4605,Terance
4606,Terence
4607,Terencian
4608,Terencio
4609,Terentilo
4610,Tererso
4611,Teres
4612,Terrance
4613,Terrel
4614,Terrell
4615,Terrence
4616,Terrill
4617,Terris
4618,Terry
4619,Terumi
4620,Tetris
4621,Tev
4622,Teva
4623,Tevin
4624,Tewdwer
4625,Tewdwr
4626,Thad
4627,Thaddaus
4628,Thaddeo
4629,Thaddeus
4630,Thaddy
4631,Thady
4632,Thaine
4633,Thales
4634,Thanh
4635,Thanos
4636,Thayne
4637,Theador
4638,Theadore
4639,Thematheo
4640,Theo
4641,Theoderic
4642,Theodor
4643,Theodore
4644,Theodoric
4645,Theodoros
4646,Theodorus
4647,Theron
4648,Thiago
4649,Thierry
4650,Thom
4651,Thoma
4652,Thomas
4653,Thomesito
4654,Thompson
4655,Thor
4656,Thornton
4657,Thorsten
4658,Thurman
4659,Thurston
4660,Tibs
4661,Ticho
4662,Tidzio
4663,Tielman
4664,Tiennot
4665,Tieodoro
4666,Tijen
4667,Tikka
4668,Tilden
4669,Tillman
4670,Tilo
4671,Tim
4672,Timateo
4673,Timeen
4674,Times
4675,Timeto
4676,Timex
4677,Timin
4678,Timiro
4679,Timiteo
4680,Timmie
4681,Timmothy
4682,Timmy
4683,Timofei
4684,Timoteo
4685,Timothee
4686,Timotheos
4687,Timotheus
4688,Timothy
4689,Timoty
4690,Timour
4691,Timur
4692,Tino
4693,Tiomoid
4694,Tiong
4695,Tito
4696,Titus
4697,Tivon
4698,Tobal
4699,Tobalito
4700,Tobbar
4701,Tobias
4702,Tobin
4703,Toby
4704,Tod
4705,Todd
4706,Todor
4707,Todorko
4708,Todoro
4709,Tohon
4710,Tokahi
4711,Tola
4712,Tolek
4713,Toli
4714,Tom
4715,Toma
4716,Toman
4717,Tomas
4718,Tomasens
4719,Tomash
4720,Tomaso
4721,Tomaz
4722,Tomi
4723,Tomito
4724,Tomlin
4725,Tommie
4726,Tommy
4727,Tomoaki
4728,Tomoichir
4729,Tomotaka
4730,Tomoyuki
4731,Toncho
4732,Tonek
4733,Toney
4734,Tong
4735,Toni
4736,Tonico
4737,Tonio
4738,Tony
4739,Topwe
4740,Tor
4741,Tord
4742,Tore
4743,Torey
4744,Torrance
4745,Torrence
4746,Torrey
4747,Tory
4748,Toshio
4749,Totoya
4750,Tovano
4751,Tovi
4752,Trace
4753,Tracey
4754,Tracy
4755,Trae
4756,Trav
4757,Travis
4758,Travon
4759,Tre
4760,Trefor
4761,Treg
4762,Tremaine
4763,Tremayne
4764,Trent
4765,Trenton
4766,Trev
4767,Trevalyn
4768,Trever
4769,Trevion
4770,Trevon
4771,Trevor
4772,Trevorlan
4773,Trey
4774,Treyvon
4775,Trilligin
4776,Trimoteo
4777,Trinidad
4778,Trinity
4779,Tristam
4780,Tristan
4781,Tristem
4782,Tristen
4783,Tristian
4784,Tristin
4785,Triston
4786,Tristram
4787,Troy
4788,Truman
4789,Truxton
4790,Trystan
4791,Tshaka
4792,Tuan
4793,Tuck
4794,Tucker
4795,Tudor
4796,Tudur
4797,Tudyr
4798,Tukuli
4799,Tung
4800,Tunu
4801,Tupi
4802,Turi
4803,Turlogh
4804,Turlough
4805,Turner
4806,Tuta
4807,Tuto
4808,Tybalt
4809,Tyee
4810,Tyehimba
4811,Tyler
4812,Tylor
4813,Tymon
4814,Tyquan
4815,Tyree
4816,Tyrel
4817,Tyrell
4818,Tyrese
4819,Tyrique
4820,Tyrome
4821,Tyron
4822,Tyrone
4823,Tyshawn
4824,Tyson
4825,Tzu-chin
4826,Ualtar
4827,Uberto
4828,Ude
4829,Ugo
4830,Ugolino
4831,Ugon
4832,Uilleam
4833,Uilliam
4834,Uillioe
4835,Uinsionn
4836,Ulick
4837,Ulises
4838,Ulmar
4839,Ulric
4840,Ulrike
4841,Ulysses
4842,Umesh
4843,Unknown
4844,Urbaine
4845,Urban
4846,Urbano
4847,Urbanus
4848,Uriah
4849,Uriel
4850,Urien
4851,Urlando
4852,Urso
4853,Urson
4854,Ursuelo
4855,Ursul
4856,Urvan
4857,Usman
4858,Ussulo
4859,Uval
4860,Uzoma
4861,Vaclav
4862,Vadim
4863,Vadin
4864,Vahe
4865,Val
4866,Valen
4867,Valente
4868,Valentijn
4869,Valentin
4870,Valentine
4871,Valentino
4872,Valiant
4873,Valin
4874,Valmy
4875,Van
4876,Vance
4877,Vanka
4878,Vann
4879,Vanni
4880,Vanny
4881,Varden
4882,Vareck
4883,Varrick
4884,Vartan
4885,Vartolome
4886,Vas
4887,Vasilie
4888,Vasilios
4889,Vasilis
4890,Vasiliy
4891,Vasin
4892,Vassily
4893,Vassilyij
4894,Vasska
4895,Vasyltso
4896,Vaughan
4897,Vaughn
4898,Vazul
4899,Veicente
4900,Velden
4901,Vencel
4902,Venedicto
4903,Veniamin
4904,Venjamin
4905,Venu
4906,Venudhar
4907,Venya
4908,Vered
4909,Vergil
4910,Verl
4911,Verlin
4912,Vern
4913,Vernaldo
4914,Vernaldos
4915,Vernavela
4916,Verne
4917,Vernell
4918,Verner
4919,Verney
4920,Vernie
4921,Vernon
4922,Verrie
4923,Vester
4924,Vic
4925,Vicencio
4926,Vicente
4927,Vicentius
4928,Vicenty
4929,Vicenz
4930,Vicenzo
4931,Viche
4932,Vicho
4933,Vick
4934,Vico
4935,Victo
4936,Victoir
4937,Victor
4938,Victorian
4939,Victro
4940,Vida
4941,Vidal
4942,Vidrik
4943,Vidya
4944,Viet
4945,Vifforian
4946,Vignesh
4947,Vihelm
4948,Vijay
4949,Vikentij
4950,Vila
4951,Vildor
4952,Vilhelm
4953,Vili
4954,Viljo
4955,Viltorian
4956,Vin
4957,Vinai
4958,Vince
4959,Vincent
4960,Vincente
4961,Vincenzo
4962,Vincze
4963,Vinn
4964,Vinnie
4965,Vinny
4966,Vinod
4967,Vinson
4968,Vipin
4969,Viren
4970,Virge
4971,Virgil
4972,Virgilio
4973,Virginia
4974,Virror
4975,Visent
4976,Vishal
4977,Vishnu
4978,Vitaliy
4979,Vite
4980,Vito
4981,Vitorio
4982,Vittorio
4983,Vivian
4984,Vizente
4985,Vlach
4986,Vladimir
4987,Vladlen
4988,Vlado
4989,Von
4990,Voravit
4991,Voytek
4992,Vuk
4993,Waban
4994,Wade
4995,Waino
4996,Wajeeh
4997,Wakiza
4998,Walache
4999,Wald
5000,Waldemar
5001,Walden
5002,Waldo
5003,Waleed
5004,Walker
5005,Wallace
5006,Wallache
5007,Wallie
5008,Wallis
5009,Wally
5010,Walsh
5011,Walt
5012,Walter
5013,Walters
5014,Walther
5015,Walton
5016,Wapi
5017,Ward
5018,Wardell
5019,Warden
5020,Warder
5021,Wariner
5022,Warner
5023,Warren
5024,Warrick
5025,Warwick
5026,Washingt
5027,Wasi
5028,Wasif
5029,Wasseem
5030,Wat
5031,Wataru
5032,Waterio
5033,Watkin
5034,Watson
5035,Watty
5036,Wayland
5037,Waylen
5038,Waylon
5039,Waymon
5040,Wayne
5041,Webb
5042,Webbe
5043,Webber
5044,Webster
5045,Weed
5046,Welby
5047,Welch
5048,Weldon
5049,Wellingt
5050,Welsh
5051,Welton
5052,Wemilat
5053,Wemilo
5054,Wen
5055,Wenceslas
5056,Wende
5057,Wendell
5058,Wenzel
5059,Werner
5060,Wes
5061,Wesh
5062,Wesley
5063,West
5064,Westleigh
5065,Westley
5066,Weston
5067,Wheeler
5068,Whitney
5069,Wicent
5070,Wichado
5071,Wieland
5072,Wilanu
5073,Wilber
5074,Wilbert
5075,Wilbur
5076,Wilburn
5077,Wilder
5078,Wildon
5079,Wiley
5080,Wilford
5081,Wilfred
5082,Wilfredo
5083,Wilfrid
5084,Wilfried
5085,Wilhelm
5086,Wilkes
5087,Will
5088,Willard
5089,Willem
5090,Willet
5091,Willi
5092,William
5093,Williams
5094,Williamso
5095,Willian
5096,Willie
5097,Willis
5098,Willy
5099,Wilmer
5100,Wilmot
5101,Wilny
5102,Wilson
5103,Wilton
5104,Wilu
5105,Wim
5106,Wimund
5107,Win
5108,Windell
5109,Winfield
5110,Winford
5111,Winfred
5112,Wingi
5113,Winn
5114,Winnie
5115,Winny
5116,Winston
5117,Winter
5118,Winthrop
5119,Winton
5120,Winward
5121,Witold
5122,Wojciech
5123,Wolfgang
5124,Wood
5125,Woodie
5126,Woodrow
5127,Woody
5128,Worth
5129,Wulfric
5130,Wuliton
5131,Wullie
5132,Wunand
5133,Wuyi
5134,Wyatt
5135,Wylie
5136,Wyman
5137,Wynono
5138,Wynton
5139,Xabiel
5140,Xabier
5141,Xan
5142,Xanatos
5143,Xander
5144,Xavier
5145,Xayvion
5146,Xeno
5147,Xenos
5148,Xerex
5149,Xerxes
5150,Xever
5151,Xiaobing
5152,Xiaoning
5153,Xietian
5154,Ximon
5155,Xun
5156,Xzavier
5157,Yaakov
5158,Yaar
5159,Yadid
5160,Yadiel
5161,Yadin
5162,Yafeu
5163,Yaholo
5164,Yahya
5165,Yakar
5166,Yakecen
5167,Yakez
5168,Yakim
5169,Yale
5170,Yamal
5171,Yamin
5172,Yamut
5173,Yan
5174,Yanai
5175,Yancy
5176,Yang
5177,Yann
5178,Yannic
5179,Yannis
5180,Yanoach
5181,Yao
5182,Yaqub
5183,Yarb
5184,Yarden
5185,Yared
5186,Yarev
5187,Yarin
5188,Yasah
5189,Yasahiro
5190,Yash
5191,Yashaskar
5192,Yasin
5193,Yasir
5194,Yassen
5195,Yasuhiro
5196,Yasuo
5197,Yayo
5198,Yazid
5199,Yechezkel
5200,Yedidiah
5201,Yehochana
5202,Yehonatan
5203,Yehosha
5204,Yehoshua
5205,Yehoyakim
5206,Yehuda
5207,Yehudah
5208,Yemon
5209,Yen
5210,Yered
5211,Yeriel
5212,Yerik
5213,Yeshayahu
5214,Yevgeniy
5215,Yirmeyah
5216,Yirmeyahu
5217,Yisha
5218,Yishachar
5219,Yishmael
5220,Yisrael
5221,Yitro
5222,Yitzchak
5223,Ymir
5224,Ynyr
5225,Yochanan
5226,Yoel
5227,Yohanan
5228,Yonah
5229,Yonas
5230,Yonatan
5231,Yong
5232,Yoni
5233,Yoomtis
5234,Yorath
5235,Yorick
5236,York
5237,Yosef
5238,Yoseph
5239,Yosha
5240,Youkioma
5241,Young
5242,Yoyi
5243,Yoyo
5244,Ysaac
5245,Ysaax
5246,Ysac
5247,Ysaye
5248,Yssach
5249,Yubo
5250,Yucel
5251,Yu-Fai
5252,Yukio
5253,Yulius
5254,Yuma
5255,Yunis
5256,Yunus
5257,Yure
5258,Yuri
5259,Yuriy
5260,Yury
5261,Yusef
5262,Yushua
5263,Yussuf
5264,Yusuf
5265,Yusuke
5266,Yutu
5267,Yuval
5268,Yuyo
5269,Yuyu
5270,Yvaine
5271,Yves
5272,Yvon
5273,Zac
5274,Zacarias
5275,Zacariaz
5276,Zacario
5277,Zacaris
5278,Zaccaria
5279,Zacchaeus
5280,Zach
5281,Zachaios
5282,Zacharia
5283,Zachariah
5284,Zacharias
5285,Zacharie
5286,Zacharjas
5287,Zachary
5288,Zachery
5289,Zack
5290,Zackary
5291,Zackery
5292,Zackry
5293,Zaed
5294,Zafar
5295,Zahair
5296,Zahavi
5297,Zahid
5298,Zahir
5299,Zahur
5300,Zaid
5301,Zain
5302,Zak
5303,Zakai
5304,Zakarias
5305,Zakarij
5306,Zakariyya
5307,Zakary
5308,Zaki
5309,Zakur
5310,Zameer
5311,Zamir
5312,Zan
5313,Zander
5314,Zane
5315,Zaquarias
5316,Zareb
5317,Zarek
5318,Zathan
5319,Zavad
5320,Zavdiel
5321,Zavier
5322,Zavior
5323,Zay
5324,Zayd
5325,Zbigniew
5326,Zbyhnev
5327,Zdenek
5328,Zdeslav
5329,Zdzislaw
5330,Zeb
5331,Zebadiah
5332,Zebedee
5333,Zebulon
5334,Zebulun
5335,Zecharia
5336,Zechariah
5337,Zecharya
5338,Zed
5339,Zedekiah
5340,Zeeman
5341,Zehariah
5342,Zeheb
5343,Zeke
5344,Zeki
5345,Zelimir
5346,Zemariah
5347,Zeno
5348,Zenobios
5349,Zenon
5350,Zenos
5351,Zenzel
5352,Zephaniah
5353,Zephyrus
5354,Zerach
5355,Zerachia
5356,Zerem
5357,Zerika
5358,Zesiro
5359,Zethus
5360,Zeus
5361,Zev
5362,Zevach
5363,Zevachiah
5364,Zevadiah
5365,Zevid
5366,Zevulun
5367,Zhanmiao
5368,Zhihua
5369,Zhiyu
5370,Zhong
5371,Zhu
5372,Zhuang
5373,Zig
5374,Ziggy
5375,Zigmund
5376,Zikomo
5377,Zimon
5378,Zimran
5379,Zimri
5380,Zinan
5381,Zinova
5382,Zinte
5383,Zion
5384,Zipkiyah
5385,Zitkaduta
5386,Zitomir
5387,Ziv
5388,Zivan
5389,Ziven
5390,Ziya
5391,Ziyad
5392,Zlatan
5393,Zlavador
5394,Zohair
5395,Zollie
5396,Zolly
5397,Zoltan
5398,Zomeir
5399,Zorya
5400,Zotom
5401,Zouhair
5402,Zsigmond
5403,Zuberi
5404,Zubin
5405,Zuhayr
5406,Zwi
5407,Zygmunt
5408,Zyrillus
